<keymap version="1" name="Visual Studio copy" parent="Visual Studio">
  <action id="$Cut">
    <keyboard-shortcut first-keystroke="ctrl x" />
    <keyboard-shortcut first-keystroke="shift delete" />
  </action>
  <action id="Back">
    <keyboard-shortcut first-keystroke="ctrl minus" />
    <keyboard-shortcut first-keystroke="ctrl subtract" />
    <mouse-shortcut keystroke="button4" />
    <keyboard-shortcut first-keystroke="ctrl o" />
  </action>
  <action id="CodeCompletion">
    <keyboard-shortcut first-keystroke="ctrl space" />
  </action>
  <action id="CommentByLineComment">
    <keyboard-shortcut first-keystroke="ctrl alt slash" />
    <keyboard-shortcut first-keystroke="ctrl alt divide" />
  </action>
  <action id="EditorCut">
    <keyboard-shortcut first-keystroke="ctrl x" />
    <keyboard-shortcut first-keystroke="shift delete" />
  </action>
  <action id="EditorDeleteLine" />
  <action id="EditorJoinLines" />
  <action id="FileStructurePopup">
    <keyboard-shortcut first-keystroke="alt back_slash" />
    <keyboard-shortcut first-keystroke="alt s" />
  </action>
  <action id="FindUsages">
    <keyboard-shortcut first-keystroke="shift f12" />
    <keyboard-shortcut first-keystroke="alt c" />
  </action>
  <action id="Generate">
    <keyboard-shortcut first-keystroke="alt insert" />
    <keyboard-shortcut first-keystroke="alt d" />
  </action>
  <action id="GotoDeclaration">
    <keyboard-shortcut first-keystroke="f12" />
    <mouse-shortcut keystroke="control button1" />
    <mouse-shortcut keystroke="button2" />
    <keyboard-shortcut first-keystroke="alt a" />
  </action>
  <action id="GotoFile">
    <keyboard-shortcut first-keystroke="alt space" />
    <keyboard-shortcut first-keystroke="alt f" />
  </action>
  <action id="GotoNextBookmark" />
  <action id="GotoPreviousBookmark" />
  <action id="OpenFile" />
  <action id="ReformatCode">
    <keyboard-shortcut first-keystroke="ctrl alt enter" />
  </action>
  <action id="RiderUnitTestRunSolutionTwAction" />
  <action id="ShowBookmarks">
    <keyboard-shortcut first-keystroke="ctrl back_quote" />
  </action>
  <action id="SwitchHeaderSource">
    <keyboard-shortcut first-keystroke="alt o" />
    <keyboard-shortcut first-keystroke="alt g" />
  </action>
  <action id="Terminal.ClearBuffer" />
  <action id="ToggleBookmark" />
  <action id="UsageView.Remove">
    <keyboard-shortcut first-keystroke="ctrl x" />
    <keyboard-shortcut first-keystroke="shift delete" />
  </action>
  <action id="VimShortcutKeyAction">
    <keyboard-shortcut first-keystroke="ctrl k" />
    <keyboard-shortcut first-keystroke="ctrl j" />
  </action>
  <action id="com.mnw.tabmover.actions.MoveFocusToNextWindow">
    <keyboard-shortcut first-keystroke="shift ctrl alt open_bracket" />
    <keyboard-shortcut first-keystroke="ctrl l" />
    <keyboard-shortcut first-keystroke="alt l" />
  </action>
  <action id="com.mnw.tabmover.actions.MoveTabToNextWindow">
    <keyboard-shortcut first-keystroke="shift ctrl alt page_down" />
    <keyboard-shortcut first-keystroke="shift ctrl l" />
  </action>
  <action id="com.mnw.tabmover.actions.MoveTabToPreviousWindow">
    <keyboard-shortcut first-keystroke="shift ctrl alt page_up" />
    <keyboard-shortcut first-keystroke="shift ctrl j" />
  </action>
</keymap>